id,style_name,display_name,description,best_for,keywords,performance,accessibility,admin_suitability
1,minimalism,Minimalism & Swiss Style,Clean whitespace crisp typography clear hierarchy no decorative elements,Enterprise dashboards data-heavy apps documentation,Whitespace grid system sans-serif clean lines neutral colors,Excellent,Excellent,10
2,bento-grid,Bento Box Grid,Card-based modular layout grid with varied cell sizes dashboard widgets,Admin dashboards analytics product features status overview,Modular cards widgets grid layout information density snapping,Excellent,Excellent,10
3,dark-mode,Dark Mode (OLED),Deep blacks with high contrast elements reduced eye strain night-friendly,DevOps monitoring cybersecurity night-shift operations coding platforms,OLED pure black high contrast neon accents reduced glare,Good,Good,9
4,soft-ui,Soft UI Evolution,Rounded corners subtle shadows gentle gradients calming visual weight modern SaaS,HR healthcare wellness customer support non-technical users,Soft shadows rounded corners gentle gradients pastel tones calming,Excellent,Excellent,9
5,glassmorphism,Glassmorphism,Translucent frosted glass effect with backdrop blur layered depth modern feel,Financial dashboards premium SaaS creative admin modern startups,Translucency blur backdrop-filter layered depth refraction light,Medium,Medium,7
6,data-dense,Data-Dense Dashboard,Maximum information density compact tables inline charts minimal padding power user,Trading ERP manufacturing supply chain operations power users,Compact tables inline charts minimal whitespace high density monochrome,Good,Medium,10
7,executive,Executive Dashboard,High-level KPIs summary cards trend sparklines minimal detail C-suite focused,C-suite executives board meetings quarterly reviews high-level overview,Large numbers trend arrows sparklines minimal text snapshot view,Excellent,Excellent,8
8,real-time,Real-Time Monitoring,Live data streams pulse indicators auto-refreshing counters operational focus,DevOps IoT logistics network monitoring call centers operations,Live counters pulsing dots auto-refresh timelines real-time badges,Good,Good,9
9,accessible,Accessible & Inclusive,High contrast large touch targets screen-reader optimized reduced motion,Government healthcare education public sector compliance-required,High contrast large fonts focus visible reduced motion screen-reader,Excellent,Excellent,10
10,claymorphism,Claymorphism,3D-like soft extruded shapes inner shadows playful depth educational friendly,Educational admin nonprofit HR training platforms children's apps,Inner shadows soft 3D extrusion playful depth pastel colors rounded,Medium,Good,6
11,ai-native,AI-Native UI,Chat-first interfaces prompt boxes streaming text avatar indicators agent focus,AI platforms chatbots copilot admin AI-powered analytics,Streaming text typing indicators avatar bubbles prompt interfaces,Medium,Medium,7
12,neumorphism,Neumorphism,Soft extruded shapes that look like they push out from background subtle depth,Health wellness meditation minimalist admin soft aesthetic,Soft shadows extruded shapes monochrome subtle depth tactile feel,Medium,Medium,5
13,brutalism,Brutalism,Raw unpolished high contrast bold typography unapologetic design artistic,Creative agencies design portfolios artistic admin experimental,High contrast bold borders raw typography unpolished expressive,Medium,Medium,3
14,liquid-glass,Liquid Glass,Premium translucent surfaces with light refraction high-end aesthetic 2025+,Premium SaaS high-end e-commerce luxury admin high-visibility products,Refraction light caustics premium translucent depth high-end,Medium,Medium,6
15,motion-driven,Motion-Driven,Animations guide attention transitions explain state changes storytelling,Portfolio admin storytelling dashboards onboarding flows walkthroughs,Smooth transitions scroll animations state change animations guides,Medium,Medium,6
